height,diameter,weight,hue,material
0.05, 0.037470225880689, 0.14722887544019, 6.2805083450785, Ceramic 
0.10320463844187, 0.09559480177698, 0.65821574273178, 3.5112235050873, Ceramic 
0.12126354869863, 0.07931037144998, 0.38672181315129, 3.3679640192997, Metal 
0.061929454852413, 0.03, 0.1, 5.0629067815504, Metal 
0.13422941031488, 0.053361555885849, 0.17353797970858, 2.9565915756204, Plastic 
0.16173100074975, 0.15, 0.55739218346738, 3.5629545824234, Plastic 