 'Height','diameter','Weight','Hue','class'
 0.088631206737882, 0.068539262673328, 0.2613098023888, 4.8865293207087
 0.11370698832306, 0.082043720295394, 0.40384077886289, 3.5782314354847
 0.11826703276113, 0.051432342913349, 0.35467621587675, 3.0855576890382
 0.1799528787649, 0.15, 0.55451001761916, 2.2370858537624