Height ,Weight,Age,Gender
1.57411635,63.91331229,28,W
1.618697159,66.30537463,28,W
1.588690742,64.4027869,24,M 
1.77209887,72.93708245,20,W
1.618591975,71.65278814,25,W
1.987693224,90.13249872,26,M
1.536437699,58.57890251,25,M
1.672234894,67.32941092,26,M
1.757787213,72.99186833,25,M 
1.651208586,76.8810401,18,M 
1.847078919,86.19190453,30,M 
1.730538549,83.6064202,26,M 
1.625732582,60.90396243,27,W
1.668181483,67.03729536,29,W
